CREATE DATABASE /*!32312 IF NOT EXISTS*/ webwinkel /*!40100 DEFAULT CHARACTER SET utf8mb4 */;
USE webwinkel;

DROP TABLE IF EXISTS categories;
CREATE TABLE `categories` (
  `id` int NOT NULL AUTO_INCREMENT,
  `category` varchar(255) NOT NULL,
  PRIMARY KEY (`id`),
  UNIQUE KEY `category` (`category`)
) ENGINE=InnoDB AUTO_INCREMENT=8 DEFAULT CHARSET=utf8;

DROP TABLE IF EXISTS orderItems;
CREATE TABLE `orderItems` (
  `itemId` int NOT NULL,
  `orderId` int NOT NULL,
  `amount` int NOT NULL,
  PRIMARY KEY (`itemId`,`orderId`)
) ENGINE=InnoDB DEFAULT CHARSET=utf8;

DROP TABLE IF EXISTS orders;
CREATE TABLE `orders` (
  `id` int NOT NULL AUTO_INCREMENT,
  `orderName` varchar(100) NOT NULL,
  `cardNum` char(4) NOT NULL,
  `bankNum` char(10) NOT NULL,
  `price` int NOT NULL,
  `delivered` tinyint(1) NOT NULL DEFAULT (0),
  `orderDate` datetime NOT NULL DEFAULT CURRENT_TIMESTAMP,
  `address` varchar(100) NOT NULL,
  PRIMARY KEY (`id`)
) ENGINE=InnoDB AUTO_INCREMENT=9 DEFAULT CHARSET=utf8;

DROP TABLE IF EXISTS productCategories;
CREATE TABLE `productCategories` (
  `productId` int NOT NULL,
  `category` varchar(255) DEFAULT NULL,
  PRIMARY KEY (`productId`)
) ENGINE=InnoDB DEFAULT CHARSET=utf8;

DROP TABLE IF EXISTS products;
CREATE TABLE `products` (
  `id` int NOT NULL AUTO_INCREMENT,
  `name` text NOT NULL,
  `price` int NOT NULL DEFAULT '0',
  `stock` int NOT NULL DEFAULT '0',
  `description` text,
  `image` text,
  PRIMARY KEY (`id`)
) ENGINE=InnoDB AUTO_INCREMENT=21 DEFAULT CHARSET=utf8mb4 COLLATE=utf8mb4_0900_ai_ci;




INSERT INTO categories(id,category) VALUES(4,'Beauty'),(6,'Communication'),(7,'Decoration'),(5,'Defence'),(3,'Design'),(1,'Drinks'),(2,'Food');

INSERT INTO orderItems(itemId,orderId,amount) VALUES(1,6,3),(1,7,3),(1,8,5),(2,8,8),(5,6,4),(5,7,4),(9,6,5),(9,7,5);

INSERT INTO orders(id,orderName,cardNum,bankNum,price,delivered,orderDate,address) VALUES(6,'Liam Elderbroek','1234','1234567890',16042,0,'2021-02-25 19:22:04','Waardenburg 108, Hillegom'),(7,'Liam Elderbroek2','1234','1234567890',16042,0,'2021-02-25 19:41:25','Waardenburg 108, Hillegom'),(8,'adiowjoi','9900','1321321321',12905,0,'2021-02-27 21:33:28','awiodjaiwjd');

INSERT INTO productCategories(productId,category) VALUES(1,'Drinks'),(2,'Drinks'),(3,'Drinks'),(4,'Drinks'),(5,'Food'),(6,'Design'),(7,'Design'),(8,'Design'),(9,'Beauty'),(10,'Design'),(11,'Defence'),(12,'Defence'),(13,'Defence'),(14,'Defence'),(15,'Communication'),(16,'Communication'),(17,'Beauty'),(18,'Beauty'),(19,'Decoration'),(20,'Decoration');
INSERT INTO products(id,name,price,stock,description,image) VALUES(1,X'4d696e6572616c205761746572',1117,60,X'447261776e2066726f6d20746865206f6365616e2064657074687320616e64207269676f726f75736c792070757269666965642e20496465616c20666f722061206d6f6465726e206f6e2d7468652d676f207075626c696320756e7361746973666965642077697468207461702077617465722e',X'6d696e6572616c2d7761746572'),(2,X'436f6c6120436f6c61',915,80,X'436f6e7461696e73206120686967686c79207374696d756c6174696e6720616c6d6f7374206164646963746976652073776565746e6573732e2050616972206974207769746820736f6d65206e696365206a756e6b20666f6f6420666f7220612063616e27742d6d69737320636f6d626f2e',X'636f6c612d636f6c61'),(3,X'436976657420436f66666565',1126,82,X'4d6164652066726f6d20616e2065787472656d656c79207261726520616e6420657870656e7369766520636f66666565206265616e20636f6c6c65637465642066726f6d207468652064756e67206f662074686520417369616e2070616c6d2063697665742e20497420686173206120756e69717565206672616772616e63652e2e2e',X'63697665742d636f66666565'),(4,X'526f73652048697020546561',681,62,X'416e2068657262616c20746561207361696420746f2070726f6d6f74652062656175747920616e642077656c6c6e6573732e20596f752063616e20736f6d65686f772073656e73652069747320657373656e7469616c20656c6567616e63652e2e2e',X'726f73652d6869702d746561'),(5,X'5365612053616c74',1544,55,X'4120626173696320736561736f6e696e672070726f64756365642066726f6d2074686520657661706f726174696f6e206f662073656177617465722e20497420616c736f2073656573207573652061732061207072657365727661746976652e',X'7365612d73616c74'),(6,X'472d5369636b',1955,31,X'4d6f73742070656f706c6520636f6e7369646572206974206120227468726f7761776179207761746368222064756520746f2069747320706f6f72207175616c6974792e205374696c6c2c20697420656e6a6f7973206d61737369766520706f70756c6172697479207468616e6b7320746f20697473206c6f772070726963652e',X'672d7369636b'),(7,X'526f6c6c657220536c697070657273',1912,3,X'536c6970706572732077697468206120736d616c6c20776865656c20696e7374616c6c656420696e2065616368206865656c2e2054686579207765726520696e76656e74656420746f206d6f766520656173696c792061726f756e642074686520686f7573652c20627574207468657265206973206162736f6c7574656c79206e6f2064656d616e6420666f72207468656d2e',X'726f6c6c65722d736c697070657273'),(8,X'526564205363617266',143,51,X'412073636172662062656c6f6e67696e6720746f2061206365727461696e206d61736b6564206865726f2e204974277320746174746572656420616e6420776f726e2064756520746f2074686520636f756e746c65737320626174746c65732069742773206265656e207468726f7567682e',X'7265642d7363617266'),(9,X'4c65616620436f766572696e67',1303,24,X'41206c6f696e636c6f7468206d65616e7420746f20656d70686173697a65206f6e652773206d616e6c696e6573732e204974732073696d706c652064657369676e20666561747572657320612073696e676c65206c656166206f7665726c616964206f6e20776869746520636c6f74682e',X'6c6561662d636f766572696e67'),(10,X'546f726e656b6f27732050616e7473',1471,21,X'546865206c6174657374207374796c652066726f6d207072656d69657220476f74686963204c6f6c6974612066617368696f6e206c6162656c2c20576f6e6465722044756e67656f6e2e',X'746f726e656b6f732d70616e7473'),(11,X'52617967756e205a7572696f6e',1297,23,X'4372656174656420776974682068692d746563682066757475726520746563686e6f6c6f67792e20412073696e676c652073686f742063616e206d656c74206576657279206d6f6c6563756c6520696e20612066756c6c792067726f776e2068756d616e2e205468657265206172656e277420616e79206261747465726965732c2074686f7567682c20736f20796f752063616e277420666972652069742e2e2e',X'72617967756e2d7a7572696f6e'),(12,X'476f6c64656e2047756e',1578,51,X'41207265706c696361206f66207468652067756e2070726566657272656420627920612066616d6f757320617373617373696e2e2049742773206e6f74207265616c6c79206d75636820676f6f6420627920697473656c662e20596f752063616e2774206576656e20636f636b2069742e2e2e',X'676f6c64656e2d67756e'),(13,X'4265727365726b65722041726d6f72',1900,13,X'446f6e6e696e6720746869732061726d6f7220626573746f77732074686520776561726572207769746820696d6d656e736520706f7765722c206275742061742074686520636f7374206f6620746865697220736f756c20616e642073656e7365732e',X'6265727365726b65722d61726d6f72'),(14,X'53656c662d4465737472756374696e67204361737365747465',1021,60,X'4f6e636520796f75207265636f72642061206d657373616765206f6e746f20746869732c20697420736574732075702061206368656d6963616c207265616374696f6e20746861742077696c6c2064657374726f79207468652074617065206166746572206120666577207365636f6e6473206166746572206974277320706c617965642e',X'73656c662d6465737472756374696e672d6361737365747465'),(15,X'53696c656e74205265636569766572',1670,100,X'412070686f6e6520746861742c20666f7220736f6d6520756e6b6e6f776e20726561736f6e2c20646f65736e2774206c657420796f7520686561722074686520706572736f6e206f6e20746865206f7468657220656e642c20616e6420646f65736e2774206c6574207468656d206865617220796f752e',X'73696c656e742d7265636569766572'),(16,X'5361637265642054726565205370726967',192,41,X'546865206272616e63682066726f6d20612073616b616b6920747265652c20636f6d6d6f6e6c79207573656420696e205368696e746f2072697475616c732e20497420736572766573206173206120636f6e6e656374696f6e206265747765656e2068756d616e7320616e642074686520676f64732e',X'7361637265642d747265652d7370726967'),(17,X'50756d696365',1314,25,X'4120706f726f757320726f636b20666f726d656420647572696e672076696f6c656e7420766f6c63616e6963206572757074696f6e732e2055736520697420746f20736372617065206f666620616c6c2074686174206f6c642c2064727920736b696e206f6e2074686520626f64792e',X'70756d696365'),(18,X'4f626c616174',1879,27,X'41207468696e2c20656469626c652066696c6d206d6164652066726f6d207374617263682e204974277320636f6d6d6f6e6c79207573656420617320612063616e647920777261707065722c2062757420616c736f2068656c707320636f76657220757020746865207461737465206f6620626974746572206d65646963696e652e',X'6f626c616174'),(19,X'576174657220466c757465',492,86,X'4120756e697175652074797065206f6620666c7574652e20796f7520706f757220776174657220696e746f20746865206261736520616e6420626c6f7720696e746f2074686520746f702c2077686963682063616e2063726561746520612076617269657479206f6620736f756e64732073696d696c617220746f2061206368697270696e6720626972642e',X'77617465722d666c757465'),(20,X'426f6a6f626f20446f6c6c73',929,37,X'4d6164652066726f6d20736565647320616e6420636f636f6e75742066696265722c20746865736520617265207573656420696e20427564646869737420707261796572732e20596f752064657465726d696e6520796f75722077697368206261736564206f6e20686f7720796f7520706f736974696f6e207468652061726d7320616e64206c6567732e',X'626f6a6f626f2d646f6c6c73');







